Motif,Motif_charge_order,Protein,First Author,Publication Year,DOI
KFERQ,,RNase A,Dice JF,1988,10.1007/BF01025241
RKVEQ,,Aspartate aminotransferase,Dice JF,1988,10.1007/BF01025241
QDLKF,,Pyruvate kinase,Dice JF,1988,10.1007/BF01025241
QRFFE,,Hemoglobin,Dice JF,1988,10.1007/BF01025241
QKVFD,,human annexin II,Cuervo AM,2000,10.1074/jbc.M005655200
QKVFE,,rat annexin II,Cuervo AM,2000,10.1074/jbc.M005655200
QEFIK,,human and rat annexin VI,Cuervo AM,2000,10.1074/jbc.M005655200
IKLDQ,,Aldolase B,Susan PP,2001,"10.1002/1097-4652(2001)9999:9999<00::AID-JCP1050>3.0.CO,2-I"
VKKDQ,,a-synuclein,Cuervo AM,2004,10.1126/science.1101738
NKKFE,,Glutathione transferase,Majeski AE,2004,10.1016/j.biocel.2004.02.013
NKEIL,,EGFR,Shen S,2009,10.1083/jcb.200810183
QVDVR,,Eps8,Welsch T,2010,10.1016/j.yexcr.2010.02.020
QEIKR,,Eps8,Welsch T,2010,10.1016/j.yexcr.2010.02.020
NVRDK,,Huntingtin,Qi L,2012,10.1371/journal.pone.0046834
NEKFL,,HIF1A,Ferreira JV,2013,10.4161/auto.25190
LFSINE,,RhoH,Troeger A,2013,10.1074/jbc.M113.505727
SFELD,,AF1Q,Li P,2014,10.1016/j.yexcr.2014.05.013
DIIRQ,,PED,Quintavalle C,2014,10.1002/jcp.24569
KLYEQ,,RKIP,Wen Z,2014,10.1016/j.neurobiolaging.2014.05.034
QKSLV,,IL-1B,Zhang M,2015,10.7554/eLife.11205
QLESV,,IL-1B,Zhang M,2015,10.7554/eLife.11205
QEVLR,,STING,Hu MM,2016,10.1016/j.immuni.2016.08.014
KFFEQ,,APP,Park JS,2016,10.5483/bmbrep.2016.49.6.212
ILKEQ,,PARK7,Wang B,2016,10.1080/15548627.2016.1179401
KIREI,,TCTP,Bonhoure A,2017,10.1016/j.ejcb.2016.12.002
QCVKK,,p65,Tang J,2017,10.1038/oncsis.2017.85
RLCFQ,,p65,Tang J,2017,10.1038/oncsis.2017.85
QKEDF,,p65,Tang J,2017,10.1038/oncsis.2017.85
DVHRQ,,p65,Tang J,2017,10.1038/oncsis.2017.85
QREVV,,HNFA,Matsui C,2018,10.1128/JVI.00639-18
QIRDL,,DBY,Kretschmann S,2019,10.1172/JCI123105
KFQRQ,,PAmCherry-KFERQ-NE,Ho PW,2020,10.1080/15548627.2019.1603545
RLEVQ,,Arouser,Jacomin AC,2020,10.26508/lsa.202000965
LSREKQ,,KPNA2,He J,2020,10.1080/15548627.2020.1823122
NEKFF,,AHR,Chen J,2021,10.3390/ijms22041654
RVLFLN,,Rab22a-NeoF1,Zhong L,2021,10.1038/s41392-020-00414-1
KFDKQ,,TBK1,Zhao X,2021,10.1080/15548627.2021.1963155
QRWVD,,MARCHF5,Nie T,2020,10.1080/15548627.2020.1848128
DKLVQ,,CHK1,Park,2015,10.1038/ncomms7823
RVLYNL,,BBC3/PUMA,Xie W,2015,10.1080/15548627.2015.1075688
QRFEK,,HK2,Xia,2015,10.1083/jcb.201503044.
QFPFKE,,Vav1,Razidlo,2013,10.1016/j.devcel.2013.02.010.
QLFEE,,PKM2,Lv,2011,10.1016/j.molcel.2011.04.025
QRIEL,,RND3,Zhou,2016,10.1080/15548627.2015.1136770
QIRDK,,LRRK2,Orenstein,2013,10.1038/nn.3350
